handle,route
dtfva-42-custom-sublimation-gang-sheets-builder,builder
dtfva-custom-dtf-gang-sheets-fast-reliable-transfer-printing,builder
dtfva-custom-dtf-gang-sheets-dtf-virginia,builder
dtfva-america-s-250th-anniversary-patch-1-inch-circle,quote
dtfva-uv-printed-custom-leather-patches,builder
dtfva-uv-printed-custom-tpu-patches,builder
dtfva-brand-starter-pack,quote
dtfva-brand-growth-pack,quote
dtfva-brand-business-pack,quote
dtfva-custom-sublimation-transfers-by-size,builder
dtfva-custom-glitter-dtf-transfer-by-size,builder
dtfva-custom-fluorescent-dtf-transfers-by-size,builder
dtfva-22-inch-uv-dtf-sticker-sheet-builder,builder
dtfva-custom-dtf-gang-sheets-printing-service,builder
dtfva-fluorescent-dtf-printing-build-bold-bright-designs,builder
dtfva-glitter-dtf-transfers-builder,builder
dtfva-custom-woven-labels,quote
dtfva-next-level-3600,quote
dtfva-gildan-64000,quote
dtfva-bella-canvas-3001,quote
dtfva-custom-shaka-wear-drop-shoulder-cropped-t-shirt-premium-blank,quote
dtfva-custom-american-apparel-unisex-reflex-fleece-crewneck-sweatshirt-rf496,quote
dtfva-custom-heavy-fleece-hoodie-sweatshirt-retail-blank,quote
dtfva-custom-shaka-wear-max-heavyweight-short-sleeve-t-shirt-premium-blank,quote
dtfva-custom-american-apparel-unisex-heavyweight-cotton-long-sleeve-t-shirt,quote
dtfva-custom-los-angeles-apparel-1865gd-garment-dye-sleeveless-tee,quote
dtfva-custom-dtf-gang-sheets-30-inches-builder,builder
dtfva-custom-dtf-gang-sheets-30-inches,builder
dtfva-party-banners,quote
dtfva-indoor-floor-graphics,quote
dtfva-window-clings,quote
dtfva-custom-window-graphics,quote
dtfva-perforated-window-vinyl,quote
dtfva-custom-softballs,quote
dtfva-custom-baseballs,quote
dtfva-custom-hockey-pucks,quote
dtfva-custom-pickleballs,quote
dtfva-personalized-tumblers,quote
dtfva-uv-dtf-transfer-by-size,builder
dtfva-upload-3d-puff-transfers,builder
dtfva-3d-puff-transfers,builder
dtfva-custom-dtf-transfers-by-size-virginia,builder
dtfva-dye-cut-stickers,builder
dtfva-glitter-dtf-gang-sheet,builder
dtfva-sublimation-gang-sheets-bulk-printing,builder
dtfva-custom-sublimation-gang-sheets,builder
dtfva-sublimation-gang-sheet-builder,builder
dtfva-fluorescent-dtf-printing-bold-bright-stunning,builder
dtfva-custom-dtf-gang-sheets-your-colors-deserve-to-pop,builder
dtfva-uv-dtf-stickers,builder
dtfva-professional-vector-design-services,quote
dtfva-rush-fee,quote
dtfva-digital-factory-dtf-desktop-edition,quote
dtfva-add-driver-port-24-wide-or-larger,quote
dtfva-cadlink-digital-factory-10-for-wide-format-dtf-activation-code,quote
dtfva-cadlink-digitalfactory-10-for-dtf-w-activation-code,quote
dtfva-cadlink-digital-factory-10-dtf-printing-15-days-trial-desktop-wide-format,quote
