handle,title,sourceUrl,rewriteBrief
dtfva-contact-dtf-virginia-today-get-your-order-started,Contact Dtf Virginia Today Get Your Order Started,https://dtfvirginia.com/pages/contact-dtf-virginia-today-get-your-order-started,Rewrite this commerce/support page in Hatfield McCoy DTF voice. Do not copy DTF Virginia wording.
dtfva-dtf-transfer-pressing-instructions-step-by-step-guide,Dtf Transfer Pressing Instructions Step By Step Guide,https://dtfvirginia.com/pages/dtf-transfer-pressing-instructions-step-by-step-guide,Rewrite this commerce/support page in Hatfield McCoy DTF voice. Do not copy DTF Virginia wording.
dtfva-prepare-gang-sheet-in-photoshop-step-by-step-guide,Prepare Gang Sheet In Photoshop Step By Step Guide,https://dtfvirginia.com/pages/prepare-gang-sheet-in-photoshop-step-by-step-guide,Rewrite this commerce/support page in Hatfield McCoy DTF voice. Do not copy DTF Virginia wording.
dtfva-uv-dtf-transfer-application-instructions,Uv Dtf Transfer Application Instructions,https://dtfvirginia.com/pages/uv-dtf-transfer-application-instructions,Rewrite this commerce/support page in Hatfield McCoy DTF voice. Do not copy DTF Virginia wording.
dtfva-our-story,Our Story,https://dtfvirginia.com/pages/our-story,Rewrite this commerce/support page in Hatfield McCoy DTF voice. Do not copy DTF Virginia wording.
dtfva-dtf-printing-frequently-asked-questions-custom-apparel,Dtf Printing Frequently Asked Questions Custom Apparel,https://dtfvirginia.com/pages/dtf-printing-frequently-asked-questions-custom-apparel,Rewrite this commerce/support page in Hatfield McCoy DTF voice. Do not copy DTF Virginia wording.
dtfva-dtf-printing-guide,Dtf Printing Guide,https://dtfvirginia.com/pages/dtf-printing-guide,Rewrite this commerce/support page in Hatfield McCoy DTF voice. Do not copy DTF Virginia wording.
dtfva-dtf-transfers-explained-what-does-dtf-mean,Dtf Transfers Explained What Does Dtf Mean,https://dtfvirginia.com/pages/dtf-transfers-explained-what-does-dtf-mean,Rewrite this commerce/support page in Hatfield McCoy DTF voice. Do not copy DTF Virginia wording.
dtfva-create-custom-gang-sheet-guide,Create Custom Gang Sheet Guide,https://dtfvirginia.com/pages/create-custom-gang-sheet-guide,Rewrite this commerce/support page in Hatfield McCoy DTF voice. Do not copy DTF Virginia wording.
dtfva-printing-guidelines,Printing Guidelines,https://dtfvirginia.com/pages/printing-guidelines,Rewrite this commerce/support page in Hatfield McCoy DTF voice. Do not copy DTF Virginia wording.
dtfva-wholesale-dtf-transfers-exclusive-reseller-pricing,Wholesale Dtf Transfers Exclusive Reseller Pricing,https://dtfvirginia.com/pages/wholesale-dtf-transfers-exclusive-reseller-pricing,Rewrite this commerce/support page in Hatfield McCoy DTF voice. Do not copy DTF Virginia wording.
dtfva-dtf-transfer-virginia-beach-va,Dtf Transfer Virginia Beach Va,https://dtfvirginia.com/pages/dtf-transfer-virginia-beach-va,Rewrite this commerce/support page in Hatfield McCoy DTF voice. Do not copy DTF Virginia wording.
dtfva-dtf-transfer-suffolk-va,Dtf Transfer Suffolk Va,https://dtfvirginia.com/pages/dtf-transfer-suffolk-va,Rewrite this commerce/support page in Hatfield McCoy DTF voice. Do not copy DTF Virginia wording.
dtfva-dtf-transfer-chesapeake-va,Dtf Transfer Chesapeake Va,https://dtfvirginia.com/pages/dtf-transfer-chesapeake-va,Rewrite this commerce/support page in Hatfield McCoy DTF voice. Do not copy DTF Virginia wording.
dtfva-dtf-transfer-newport-news-va,Dtf Transfer Newport News Va,https://dtfvirginia.com/pages/dtf-transfer-newport-news-va,Rewrite this commerce/support page in Hatfield McCoy DTF voice. Do not copy DTF Virginia wording.
dtfva-location-dtf-transfer-portsmouth-va,Location Dtf Transfer Portsmouth Va,https://dtfvirginia.com/pages/location-dtf-transfer-portsmouth-va,Rewrite this commerce/support page in Hatfield McCoy DTF voice. Do not copy DTF Virginia wording.
dtfva-dtf-transfers-norfolk-va,Dtf Transfers Norfolk Va,https://dtfvirginia.com/pages/dtf-transfers-norfolk-va,Rewrite this commerce/support page in Hatfield McCoy DTF voice. Do not copy DTF Virginia wording.
dtfva-dtf-transfer-richmond-va,Dtf Transfer Richmond Va,https://dtfvirginia.com/pages/dtf-transfer-richmond-va,Rewrite this commerce/support page in Hatfield McCoy DTF voice. Do not copy DTF Virginia wording.
dtfva-same-day-dtf-printing,Same Day Dtf Printing,https://dtfvirginia.com/pages/same-day-dtf-printing,Rewrite this commerce/support page in Hatfield McCoy DTF voice. Do not copy DTF Virginia wording.
dtfva-dtf-transfer-williamsburg-va,Dtf Transfer Williamsburg Va,https://dtfvirginia.com/pages/dtf-transfer-williamsburg-va,Rewrite this commerce/support page in Hatfield McCoy DTF voice. Do not copy DTF Virginia wording.
dtfva-dtf-transfers-in-hampton-va,Dtf Transfers In Hampton Va,https://dtfvirginia.com/pages/dtf-transfers-in-hampton-va,Rewrite this commerce/support page in Hatfield McCoy DTF voice. Do not copy DTF Virginia wording.
dtfva-dtf-printing-services,Dtf Printing Services,https://dtfvirginia.com/pages/dtf-printing-services,Rewrite this commerce/support page in Hatfield McCoy DTF voice. Do not copy DTF Virginia wording.
dtfva-dtf-transfers-in-petersburg-va,Dtf Transfers In Petersburg Va,https://dtfvirginia.com/pages/dtf-transfers-in-petersburg-va,Rewrite this commerce/support page in Hatfield McCoy DTF voice. Do not copy DTF Virginia wording.
dtfva-dtf-transfers-in-hopewell-va,Dtf Transfers In Hopewell Va,https://dtfvirginia.com/pages/dtf-transfers-in-hopewell-va,Rewrite this commerce/support page in Hatfield McCoy DTF voice. Do not copy DTF Virginia wording.
dtfva-dtf-transfers-in-martinsville-va,Dtf Transfers In Martinsville Va,https://dtfvirginia.com/pages/dtf-transfers-in-martinsville-va,Rewrite this commerce/support page in Hatfield McCoy DTF voice. Do not copy DTF Virginia wording.
dtfva-dtf-transfers-in-franklin-va,Dtf Transfers In Franklin Va,https://dtfvirginia.com/pages/dtf-transfers-in-franklin-va,Rewrite this commerce/support page in Hatfield McCoy DTF voice. Do not copy DTF Virginia wording.
dtfva-dtf-transfers-in-danville-va,Dtf Transfers In Danville Va,https://dtfvirginia.com/pages/dtf-transfers-in-danville-va,Rewrite this commerce/support page in Hatfield McCoy DTF voice. Do not copy DTF Virginia wording.
dtfva-dtf-transfers-in-emporia-va,Dtf Transfers In Emporia Va,https://dtfvirginia.com/pages/dtf-transfers-in-emporia-va,Rewrite this commerce/support page in Hatfield McCoy DTF voice. Do not copy DTF Virginia wording.
dtfva-dtf-transfers-in-south-boston-va,Dtf Transfers In South Boston Va,https://dtfvirginia.com/pages/dtf-transfers-in-south-boston-va,Rewrite this commerce/support page in Hatfield McCoy DTF voice. Do not copy DTF Virginia wording.
dtfva-dtf-transfers-in-arlington-va,Dtf Transfers In Arlington Va,https://dtfvirginia.com/pages/dtf-transfers-in-arlington-va,Rewrite this commerce/support page in Hatfield McCoy DTF voice. Do not copy DTF Virginia wording.
dtfva-dtf-transfers-in-alexandria-va,Dtf Transfers In Alexandria Va,https://dtfvirginia.com/pages/dtf-transfers-in-alexandria-va,Rewrite this commerce/support page in Hatfield McCoy DTF voice. Do not copy DTF Virginia wording.
dtfva-dtf-transfers-in-blacksburg-va,Dtf Transfers In Blacksburg Va,https://dtfvirginia.com/pages/dtf-transfers-in-blacksburg-va,Rewrite this commerce/support page in Hatfield McCoy DTF voice. Do not copy DTF Virginia wording.
dtfva-dtf-transfers-in-elizabeth-city,Dtf Transfers In Elizabeth City,https://dtfvirginia.com/pages/dtf-transfers-in-elizabeth-city,Rewrite this commerce/support page in Hatfield McCoy DTF voice. Do not copy DTF Virginia wording.
dtfva-dtf-transfers-in-fort-eustis-va,Dtf Transfers In Fort Eustis Va,https://dtfvirginia.com/pages/dtf-transfers-in-fort-eustis-va,Rewrite this commerce/support page in Hatfield McCoy DTF voice. Do not copy DTF Virginia wording.
dtfva-dtf-transfers-in-langley-afb-va,Dtf Transfers In Langley Afb Va,https://dtfvirginia.com/pages/dtf-transfers-in-langley-afb-va,Rewrite this commerce/support page in Hatfield McCoy DTF voice. Do not copy DTF Virginia wording.
dtfva-dtf-transfers-in-sterling-va,Dtf Transfers In Sterling Va,https://dtfvirginia.com/pages/dtf-transfers-in-sterling-va,Rewrite this commerce/support page in Hatfield McCoy DTF voice. Do not copy DTF Virginia wording.
dtfva-dtf-transfers-in-manassas-va,Dtf Transfers In Manassas Va,https://dtfvirginia.com/pages/dtf-transfers-in-manassas-va,Rewrite this commerce/support page in Hatfield McCoy DTF voice. Do not copy DTF Virginia wording.
dtfva-dtf-transfers-in-chantilly-va,Dtf Transfers In Chantilly Va,https://dtfvirginia.com/pages/dtf-transfers-in-chantilly-va,Rewrite this commerce/support page in Hatfield McCoy DTF voice. Do not copy DTF Virginia wording.
dtfva-custom-label-size-guide,Custom Label Size Guide,https://dtfvirginia.com/pages/custom-label-size-guide,Rewrite this commerce/support page in Hatfield McCoy DTF voice. Do not copy DTF Virginia wording.
dtfva-dtf-transfers-in-tabb-va,Dtf Transfers In Tabb Va,https://dtfvirginia.com/pages/dtf-transfers-in-tabb-va,Rewrite this commerce/support page in Hatfield McCoy DTF voice. Do not copy DTF Virginia wording.
dtfva-dtf-transfers-in-spotsylvania-va,Dtf Transfers In Spotsylvania Va,https://dtfvirginia.com/pages/dtf-transfers-in-spotsylvania-va,Rewrite this commerce/support page in Hatfield McCoy DTF voice. Do not copy DTF Virginia wording.
dtfva-dtf-transfers-in-ashburn-va,Dtf Transfers In Ashburn Va,https://dtfvirginia.com/pages/dtf-transfers-in-ashburn-va,Rewrite this commerce/support page in Hatfield McCoy DTF voice. Do not copy DTF Virginia wording.
dtfva-dtf-transfers-in-fort-hunt-va,Dtf Transfers In Fort Hunt Va,https://dtfvirginia.com/pages/dtf-transfers-in-fort-hunt-va,Rewrite this commerce/support page in Hatfield McCoy DTF voice. Do not copy DTF Virginia wording.
dtfva-dtf-transfers-in-gum-spring-va,Dtf Transfers In Gum Spring Va,https://dtfvirginia.com/pages/dtf-transfers-in-gum-spring-va,Rewrite this commerce/support page in Hatfield McCoy DTF voice. Do not copy DTF Virginia wording.
dtfva-dtf-transfers-in-woodlawn-va,Dtf Transfers In Woodlawn Va,https://dtfvirginia.com/pages/dtf-transfers-in-woodlawn-va,Rewrite this commerce/support page in Hatfield McCoy DTF voice. Do not copy DTF Virginia wording.
dtfva-dtf-transfers-in-potomac-va,Dtf Transfers In Potomac Va,https://dtfvirginia.com/pages/dtf-transfers-in-potomac-va,Rewrite this commerce/support page in Hatfield McCoy DTF voice. Do not copy DTF Virginia wording.
dtfva-dtf-transfers-in-smithfield-va,Dtf Transfers In Smithfield Va,https://dtfvirginia.com/pages/dtf-transfers-in-smithfield-va,Rewrite this commerce/support page in Hatfield McCoy DTF voice. Do not copy DTF Virginia wording.
dtfva-dtf-transfers-in-roanoke-va,Dtf Transfers In Roanoke Va,https://dtfvirginia.com/pages/dtf-transfers-in-roanoke-va,Rewrite this commerce/support page in Hatfield McCoy DTF voice. Do not copy DTF Virginia wording.
dtfva-dtf-transfers-in-springfield-va,Dtf Transfers In Springfield Va,https://dtfvirginia.com/pages/dtf-transfers-in-springfield-va,Rewrite this commerce/support page in Hatfield McCoy DTF voice. Do not copy DTF Virginia wording.
dtfva-dtf-transfers-in-midlothian-va,Dtf Transfers In Midlothian Va,https://dtfvirginia.com/pages/dtf-transfers-in-midlothian-va,Rewrite this commerce/support page in Hatfield McCoy DTF voice. Do not copy DTF Virginia wording.
